{"IT2": 16.0, "PV2": 26.5, "SOM2": 4.375, "VIP2": 7.809523809523809, "NGF2": 75.5, "IT3": 6.134615384615385, "ITP4": 3.031967213114754, "ITS4": 0.40816326530612246, "IT5A": 18.32142857142857, "CT5A": 4.25, "IT5B": 24.095238095238095, "PT5B": 34.0, "CT5B": 4.28, "IT6": 3.0, "CT6": 4.25, "TC": 10.2, "HTC": 10.2, "IRE": 8.5, "TI": 48.25, "NGF1": 75.5, "SOM3": 4.375, "PV3": 26.5, "VIP3": 7.809523809523809, "NGF3": 75.5, "PV4": 26.5, "SOM4": 4.375, "VIP4": 7.809523809523809, "NGF4": 75.5, "PV5A": 26.5, "SOM5A": 4.375, "VIP5A": 7.809523809523809, "NGF5A": 75.5, "PV5B": 26.5, "SOM5B": 4.375, "VIP5B": 7.809523809523809, "NGF5B": 75.5, "PV6": 26.5, "SOM6": 4.375, "VIP6": 7.809523809523809, "NGF6": 75.5, "TCM": 10.2, "IREM": 8.5}