{"IT2": 14.666666666666666, "PV2": 22.0, "SOM2": 2.4642857142857144, "VIP2": 4.553571428571429, "NGF2": 62.0, "IT3": 6.038461538461538, "ITP4": 2.3803278688524596, "ITS4": 0.09183673469387756, "IT5A": 0.9410714285714286, "CT5A": 3.1205357142857144, "IT5B": 1.2297619047619048, "PT5B": 23.0, "CT5B": 3.135, "IT6": 0.9, "CT6": 3.1205357142857144, "TC": 9.666666666666666, "HTC": 9.666666666666666, "IRE": 3.0, "TI": 101.25, "NGF1": 62.0, "SOM3": 3.2857142857142856, "PV3": 22.0, "VIP3": 7.5892857142857135, "NGF3": 62.0, "PV4": 19.8, "SOM4": 3.2857142857142856, "VIP4": 6.071428571428571, "NGF4": 68.2, "PV5A": 27.5, "SOM5A": 4.107142857142857, "VIP5A": 6.678571428571429, "NGF5A": 31.0, "PV5B": 22.0, "SOM5B": 3.2857142857142856, "VIP5B": 6.071428571428571, "NGF5B": 62.0, "PV6": 16.5, "SOM6": 3.6142857142857143, "VIP6": 6.071428571428571, "NGF6": 68.2, "TCM": 9.666666666666666, "IREM": 3.0}